tank_id,vessel_id,tank_name,capacity_m3,coating,heating_coils
NT-ARI-1P,NT-ARI,COT 1P,15405,Epoxy,true
NT-ARI-1S,NT-ARI,COT 1S,15405,Epoxy,true
NT-ARI-3P,NT-ARI,COT 3P,18486,Epoxy,true
NT-ARI-3S,NT-ARI,COT 3S,18486,Epoxy,true
NT-ARI-5P,NT-ARI,COT 5P,15405,Epoxy,true
NT-ARI-5S,NT-ARI,COT 5S,15405,Epoxy,true
NT-KAL-1P,NT-KAL,COT 1P,11212,Epoxy,true
NT-KAL-1S,NT-KAL,COT 1S,11212,Epoxy,true
NT-KAL-3P,NT-KAL,COT 3P,13455,Epoxy,true
NT-KAL-3S,NT-KAL,COT 3S,13455,Epoxy,true
NT-KAL-5P,NT-KAL,COT 5P,11212,Epoxy,true
NT-KAL-5S,NT-KAL,COT 5S,11212,Epoxy,true
NT-THA-1P,NT-THA,COT 1P,15356,Epoxy,true
NT-THA-1S,NT-THA,COT 1S,15356,Epoxy,true
NT-THA-3P,NT-THA,COT 3P,18428,Epoxy,true
NT-THA-3S,NT-THA,COT 3S,18428,Epoxy,true
NT-THA-5P,NT-THA,COT 5P,15356,Epoxy,true
NT-THA-5S,NT-THA,COT 5S,15356,Epoxy,true
NT-NEF-1P,NT-NEF,COT 1P,10715,Phenolic Epoxy,false
NT-NEF-1S,NT-NEF,COT 1S,10715,Phenolic Epoxy,false
NT-NEF-3P,NT-NEF,COT 3P,12858,Phenolic Epoxy,false
NT-NEF-3S,NT-NEF,COT 3S,12858,Phenolic Epoxy,false
NT-NEF-5P,NT-NEF,COT 5P,10715,Phenolic Epoxy,false
NT-NEF-5S,NT-NEF,COT 5S,10715,Phenolic Epoxy,false
NT-ELE-1P,NT-ELE,COT 1P,11018,Epoxy,true
NT-ELE-1S,NT-ELE,COT 1S,11018,Epoxy,true
NT-ELE-3P,NT-ELE,COT 3P,13221,Epoxy,true
NT-ELE-3S,NT-ELE,COT 3S,13221,Epoxy,true
NT-ELE-5P,NT-ELE,COT 5P,11018,Epoxy,true
NT-ELE-5S,NT-ELE,COT 5S,11018,Epoxy,true
NT-AND-1P,NT-AND,COT 1P,15502,Epoxy,true
NT-AND-1S,NT-AND,COT 1S,15502,Epoxy,true
NT-AND-3P,NT-AND,COT 3P,18603,Epoxy,true
NT-AND-3S,NT-AND,COT 3S,18603,Epoxy,true
NT-AND-5P,NT-AND,COT 5P,15502,Epoxy,true
NT-AND-5S,NT-AND,COT 5S,15502,Epoxy,true
NT-DAN-1P,NT-DAN,COT 1P,4875,Phenolic Epoxy,false
NT-DAN-1S,NT-DAN,COT 1S,4875,Phenolic Epoxy,false
NT-DAN-3P,NT-DAN,COT 3P,5850,Phenolic Epoxy,false
NT-DAN-3S,NT-DAN,COT 3S,5850,Phenolic Epoxy,false
NT-DAN-5P,NT-DAN,COT 5P,4875,Phenolic Epoxy,false
NT-DAN-5S,NT-DAN,COT 5S,4875,Phenolic Epoxy,false
NT-PEN-1P,NT-PEN,COT 1P,11164,Epoxy,true
NT-PEN-1S,NT-PEN,COT 1S,11164,Epoxy,true
NT-PEN-3P,NT-PEN,COT 3P,13396,Epoxy,true
NT-PEN-3S,NT-PEN,COT 3S,13396,Epoxy,true
NT-PEN-5P,NT-PEN,COT 5P,11164,Epoxy,true
NT-PEN-5S,NT-PEN,COT 5S,11164,Epoxy,true
