record_id,vessel_id,period,distance_nm,fuel_consumed_t,co2_t,cii_attained,cii_required,cii_rating,eu_ets_eua_t,eua_cost_eur
EM-NT-ARI-202601,NT-ARI,2026-01,5310,730.1,2273.5,2.71,3.1,B,1136.8,81846
EM-NT-ARI-202602,NT-ARI,2026-02,6420,901.7,2807.9,2.77,3.1,B,1404.0,101084
EM-NT-ARI-202603,NT-ARI,2026-03,5572,761.5,2371.3,2.69,3.1,B,1185.7,85367
EM-NT-ARI-202604,NT-ARI,2026-04,6269,841.8,2621.4,2.65,3.1,B,1310.7,94370
EM-NT-ARI-202605,NT-ARI,2026-05,5884,777.3,2420.5,2.6,3.1,B,1210.2,87138
EM-NT-ARI-202606,NT-ARI,2026-06,6112,821.9,2559.4,2.65,3.1,B,1279.7,92138
EM-NT-ARI-202607,NT-ARI,2026-07,7259,956.4,2978.2,2.6,3.1,B,1489.1,107215
EM-NT-ARI-202608,NT-ARI,2026-08,6113,828.6,2580.3,2.67,3.1,B,1290.2,92891
EM-NT-KAL-202601,NT-KAL,2026-01,5999,1003.3,3124.3,4.53,4.05,D,1562.2,112475
EM-NT-KAL-202602,NT-KAL,2026-02,6841,1136.7,3539.7,4.5,4.05,D,1769.8,127429
EM-NT-KAL-202603,NT-KAL,2026-03,6128,964.6,3003.8,4.26,4.05,C,1501.9,108137
EM-NT-KAL-202604,NT-KAL,2026-04,7218,1154.3,3594.5,4.33,4.05,C,1797.2,129402
EM-NT-KAL-202605,NT-KAL,2026-05,5318,905.2,2818.8,4.61,4.05,D,1409.4,101477
EM-NT-KAL-202606,NT-KAL,2026-06,6344,1026.6,3196.8,4.38,4.05,D,1598.4,115085
EM-NT-KAL-202607,NT-KAL,2026-07,5993,991.2,3086.6,4.48,4.05,D,1543.3,111118
EM-NT-KAL-202608,NT-KAL,2026-08,6610,1066.9,3322.3,4.37,4.05,D,1661.2,119603
EM-NT-THA-202601,NT-THA,2026-01,6631,994.7,3097.5,2.97,3.1,C,1548.8,111510
EM-NT-THA-202602,NT-THA,2026-02,6693,920.0,2864.9,2.72,3.1,B,1432.5,103136
EM-NT-THA-202603,NT-THA,2026-03,5618,784.0,2441.4,2.76,3.1,B,1220.7,87890
EM-NT-THA-202604,NT-THA,2026-04,6005,847.6,2639.4,2.79,3.1,B,1319.7,95018
EM-NT-THA-202605,NT-THA,2026-05,7176,1042.3,3245.7,2.87,3.1,B,1622.8,116845
EM-NT-THA-202606,NT-THA,2026-06,5207,745.5,2321.5,2.83,3.1,B,1160.8,83574
EM-NT-THA-202607,NT-THA,2026-07,6609,976.6,3041.1,2.92,3.1,C,1520.5,109480
EM-NT-THA-202608,NT-THA,2026-08,5547,822.5,2561.3,2.93,3.1,C,1280.7,92207
EM-NT-NEF-202601,NT-NEF,2026-01,5691,583.7,1817.6,2.91,4.4,A,1817.6,130867
EM-NT-NEF-202602,NT-NEF,2026-02,6016,591.4,1841.6,2.79,4.4,A,1841.6,132595
EM-NT-NEF-202603,NT-NEF,2026-03,5931,580.5,1807.7,2.77,4.4,A,1807.7,130154
EM-NT-NEF-202604,NT-NEF,2026-04,6561,619.7,1929.7,2.68,4.4,A,1929.7,138938
EM-NT-NEF-202605,NT-NEF,2026-05,6821,669.6,2085.1,2.78,4.4,A,2085.1,150127
EM-NT-NEF-202606,NT-NEF,2026-06,5547,558.8,1740.1,2.85,4.4,A,1740.1,125287
EM-NT-NEF-202607,NT-NEF,2026-07,5896,609.6,1898.3,2.93,4.4,A,1898.3,136678
EM-NT-NEF-202608,NT-NEF,2026-08,5312,505.1,1572.9,2.69,4.4,A,1572.9,113249
EM-NT-ELE-202601,NT-ELE,2026-01,7106,1009.6,3143.9,3.92,4.05,C,1572.0,113180
EM-NT-ELE-202602,NT-ELE,2026-02,5798,808.2,2516.7,3.84,4.05,C,1258.3,90601
EM-NT-ELE-202603,NT-ELE,2026-03,7142,1000.0,3114.0,3.86,4.05,C,1557.0,112104
EM-NT-ELE-202604,NT-ELE,2026-04,6635,883.1,2750.0,3.67,4.05,B,1375.0,99000
EM-NT-ELE-202605,NT-ELE,2026-05,5736,752.8,2344.2,3.62,4.05,B,1172.1,84391
EM-NT-ELE-202606,NT-ELE,2026-06,5620,776.8,2419.0,3.81,4.05,C,1209.5,87084
EM-NT-ELE-202607,NT-ELE,2026-07,5770,790.1,2460.4,3.77,4.05,C,1230.2,88574
EM-NT-ELE-202608,NT-ELE,2026-08,5997,853.6,2658.1,3.92,4.05,C,1329.0,95692
EM-NT-AND-202601,NT-AND,2026-01,6064,767.0,2388.4,2.48,3.1,A,1194.2,85982
EM-NT-AND-202602,NT-AND,2026-02,6071,789.3,2457.9,2.55,3.1,B,1229.0,88484
EM-NT-AND-202603,NT-AND,2026-03,6185,842.7,2624.2,2.67,3.1,B,1312.1,94471
EM-NT-AND-202604,NT-AND,2026-04,6535,846.7,2636.6,2.54,3.1,A,1318.3,94918
EM-NT-AND-202605,NT-AND,2026-05,6916,948.8,2954.6,2.69,3.1,B,1477.3,106366
EM-NT-AND-202606,NT-AND,2026-06,5449,753.0,2344.8,2.71,3.1,B,1172.4,84413
EM-NT-AND-202607,NT-AND,2026-07,6649,917.8,2858.0,2.7,3.1,B,1429.0,102888
EM-NT-AND-202608,NT-AND,2026-08,7316,963.5,3000.3,2.58,3.1,B,1500.2,108011
EM-NT-DAN-202601,NT-DAN,2026-01,7254,514.9,1603.4,4.42,6.8,A,1603.4,115445
EM-NT-DAN-202602,NT-DAN,2026-02,5821,430.0,1339.0,4.6,6.8,A,1339.0,96408
EM-NT-DAN-202603,NT-DAN,2026-03,5276,403.4,1256.2,4.76,6.8,A,1256.2,90446
EM-NT-DAN-202604,NT-DAN,2026-04,5950,443.3,1380.4,4.64,6.8,A,1380.4,99389
EM-NT-DAN-202605,NT-DAN,2026-05,5813,414.4,1290.4,4.44,6.8,A,1290.4,92909
EM-NT-DAN-202606,NT-DAN,2026-06,7139,532.4,1657.9,4.64,6.8,A,1657.9,119369
EM-NT-DAN-202607,NT-DAN,2026-07,5692,421.9,1313.8,4.62,6.8,A,1313.8,94594
EM-NT-DAN-202608,NT-DAN,2026-08,6535,490.4,1527.1,4.67,6.8,A,1527.1,109951
EM-NT-PEN-202601,NT-PEN,2026-01,7373,1191.0,3708.8,4.39,4.05,D,1854.4,133517
EM-NT-PEN-202602,NT-PEN,2026-02,5634,939.8,2926.5,4.54,4.05,D,1463.2,105354
EM-NT-PEN-202603,NT-PEN,2026-03,5432,850.7,2649.1,4.26,4.05,C,1324.5,95368
EM-NT-PEN-202604,NT-PEN,2026-04,6334,971.0,3023.7,4.17,4.05,C,1511.8,108853
EM-NT-PEN-202605,NT-PEN,2026-05,5600,900.3,2803.5,4.37,4.05,D,1401.8,100926
EM-NT-PEN-202606,NT-PEN,2026-06,5314,875.9,2727.6,4.48,4.05,D,1363.8,98194
EM-NT-PEN-202607,NT-PEN,2026-07,5459,872.0,2715.4,4.34,4.05,D,1357.7,97754
EM-NT-PEN-202608,NT-PEN,2026-08,7270,1180.3,3675.5,4.42,4.05,D,1837.8,132318
