voyage_id,vessel_id,load_port_id,discharge_port_id,cargo_grade,cargo_qty_t,charterer_id,laycan_start,voyage_status,eu_ets_scope,tce_usd_k_day
VOY-ARI-2609,NT-ARI,AUGUSTA,CEYHAN,Azeri Light,142568,CH-ADR,2026-09-12,Laden passage,Extra-EU (50%),42.5
VOY-ARI-2608,NT-ARI,CEYHAN,AUGUSTA,Ballast,0,CH-ADR,2026-08-20,Completed,Extra-EU (50%),0.0
VOY-KAL-2609,NT-KAL,SIDIKERIR,TRIESTE,Azeri Light,105165,CH-ADR,2026-09-12,Laden passage,Extra-EU (50%),44.25
VOY-KAL-2608,NT-KAL,TRIESTE,SIDIKERIR,Ballast,0,CH-ADR,2026-08-20,Completed,Extra-EU (50%),0.0
VOY-THA-2609,NT-THA,PORTSAID,ASPRO,Iranian Heavy,146007,CH-AEG,2026-09-12,Laden passage,Extra-EU (50%),46.0
VOY-THA-2608,NT-THA,ASPRO,PORTSAID,Ballast,0,CH-AEG,2026-08-20,Completed,Extra-EU (50%),0.0
VOY-NEF-2609,NT-NEF,ASPRO,LIMASSOL,Jet A-1,100605,CH-LEV,2026-09-12,Laden passage,Intra-EU (100%),47.75
VOY-NEF-2608,NT-NEF,LIMASSOL,ASPRO,Ballast,0,CH-LEV,2026-08-20,Completed,Intra-EU (100%),0.0
VOY-ELE-2609,NT-ELE,ESSIDER,TRIESTE,Iranian Heavy,102282,CH-MIS,2026-09-12,Laden passage,Extra-EU (50%),49.5
VOY-ELE-2608,NT-ELE,TRIESTE,ESSIDER,Ballast,0,CH-MIS,2026-08-20,Completed,Extra-EU (50%),0.0
VOY-AND-2609,NT-AND,CEYHAN,TRIESTE,Es Sider,148179,CH-HEL,2026-09-12,Laden passage,Extra-EU (50%),51.25
VOY-AND-2608,NT-AND,TRIESTE,CEYHAN,Ballast,0,CH-HEL,2026-08-20,Completed,Extra-EU (50%),0.0
VOY-DAN-2609,NT-DAN,PIRAEUS,AUGUSTA,ULSD 10ppm,45243,CH-AEG,2026-09-12,Laden passage,Intra-EU (100%),53.0
VOY-DAN-2608,NT-DAN,AUGUSTA,PIRAEUS,Ballast,0,CH-AEG,2026-08-20,Completed,Intra-EU (100%),0.0
VOY-PEN-2609,NT-PEN,PORTSAID,AUGUSTA,Iranian Heavy,106281,CH-HEL,2026-09-12,Laden passage,Extra-EU (50%),54.75
VOY-PEN-2608,NT-PEN,AUGUSTA,PORTSAID,Ballast,0,CH-HEL,2026-08-20,Completed,Extra-EU (50%),0.0
